time_s,stage,label,range_m,grip,active_fingers,servo_error_m,residual_norm,confidence
0.0,PATROL,BEAT 1 · CAMPUS PATROL,0.0,0.0,0,0.0,0.0,0.55
0.056,PATROL,BEAT 1 · CAMPUS PATROL,-1.0,0.0,1,0.9969,0.0,0.55
0.112,PATROL,BEAT 1 · CAMPUS PATROL,-1.0,0.0,1,1.0123,0.0,0.55
0.168,PATROL,BEAT 1 · CAMPUS PATROL,-1.0,0.0,1,1.0156,0.0,0.55
0.224,PATROL,BEAT 1 · CAMPUS PATROL,-1.0,0.0,2,1.0208,0.0,0.55
0.28,PATROL,BEAT 1 · CAMPUS PATROL,-1.0,0.0,0,1.0268,0.0,0.55
0.336,PATROL,BEAT 1 · CAMPUS PATROL,-1.0,0.0,0,1.0084,0.0,0.55
0.392,PATROL,BEAT 1 · CAMPUS PATROL,-1.0,0.0,0,1.0008,0.0,0.55
0.448,PATROL,BEAT 1 · CAMPUS PATROL,-1.0,0.0,0,0.998,0.0,0.55
0.504,PATROL,BEAT 1 · CAMPUS PATROL,-1.0,0.0,0,0.9957,0.0,0.55
0.56,PATROL,BEAT 1 · CAMPUS PATROL,-1.0,0.0,0,0.9937,0.0,0.55
0.616,PATROL,BEAT 1 · CAMPUS PATROL,-1.0,0.0,0,0.9919,0.0,0.55
0.672,PATROL,BEAT 1 · CAMPUS PATROL,-1.0,0.0,0,0.9903,0.0,0.55
0.728,PATROL,BEAT 1 · CAMPUS PATROL,-1.0,0.0,0,0.9888,0.0,0.55
0.784,PATROL,BEAT 1 · CAMPUS PATROL,-1.0,0.0,0,0.9874,0.0,0.55
0.84,PATROL,BEAT 1 · CAMPUS PATROL,-1.0,0.0,0,0.9861,0.0,0.55
0.896,PATROL,BEAT 1 · CAMPUS PATROL,-1.0,0.0,0,0.9849,0.0,0.55
0.952,PATROL,BEAT 1 · CAMPUS PATROL,-1.0,0.0,0,0.9837,0.0,0.55
1.008,PATROL,BEAT 1 · CAMPUS PATROL,-1.0,0.0,0,0.9825,0.0,0.55
1.064,PATROL,BEAT 1 · CAMPUS PATROL,-1.0,0.0,0,0.9816,0.0,0.55
1.12,PATROL,BEAT 1 · CAMPUS PATROL,-1.0,0.0,0,0.9808,0.0,0.55
1.176,PATROL,BEAT 1 · CAMPUS PATROL,-1.0,0.0,0,0.9802,0.0,0.55
1.232,PATROL,BEAT 1 · CAMPUS PATROL,-1.0,0.0,0,0.9796,0.0,0.55
1.288,PATROL,BEAT 1 · CAMPUS PATROL,-1.0,0.0,0,0.9791,0.0,0.55
1.344,PATROL,BEAT 1 · CAMPUS PATROL,-1.0,0.0,0,0.9787,0.0,0.55
1.4,PATROL,BEAT 1 · CAMPUS PATROL,-1.0,0.0,0,0.9783,0.0,0.55
1.456,PATROL,BEAT 1 · CAMPUS PATROL,-1.0,0.0,0,0.9779,0.0,0.55
1.512,PATROL,BEAT 1 · CAMPUS PATROL,-1.0,0.0,0,0.9776,0.0,0.55
1.568,PATROL,BEAT 1 · CAMPUS PATROL,-1.0,0.0,0,0.9773,0.0,0.55
1.624,PATROL,BEAT 1 · CAMPUS PATROL,-1.0,0.0,0,0.9772,0.0,0.55
1.68,PATROL,BEAT 1 · CAMPUS PATROL,-1.0,0.0,0,0.977,0.0,0.55
1.736,PATROL,BEAT 1 · CAMPUS PATROL,-1.0,0.0,0,0.9768,0.0,0.55
1.792,PATROL,BEAT 1 · CAMPUS PATROL,-1.0,0.0,0,0.9767,0.0,0.55
1.848,PATROL,BEAT 1 · CAMPUS PATROL,-1.0,0.0,0,0.9766,0.0,0.55
1.904,PATROL,BEAT 1 · CAMPUS PATROL,-1.0,0.0,0,0.9764,0.0,0.55
1.96,PATROL,BEAT 1 · CAMPUS PATROL,-1.0,0.0,0,0.9763,0.0,0.55
2.016,PATROL,BEAT 1 · CAMPUS PATROL,-1.0,0.0,0,0.9762,0.0,0.55
2.072,PATROL,BEAT 1 · CAMPUS PATROL,-1.0,0.0,0,0.9762,0.0,0.55
2.128,PATROL,BEAT 1 · CAMPUS PATROL,-1.0,0.0,0,0.9761,0.0,0.55
2.184,PATROL,BEAT 1 · CAMPUS PATROL,0.1139,0.0,0,0.976,0.0,0.55
2.24,PATROL,BEAT 1 · CAMPUS PATROL,0.1121,0.0,0,0.976,0.0,0.55
2.296,PATROL,BEAT 1 · CAMPUS PATROL,0.1111,0.0,0,0.9759,0.0,0.55
2.352,PATROL,BEAT 1 · CAMPUS PATROL,0.1103,0.0,0,0.9759,0.0,0.55
2.408,PATROL,BEAT 1 · CAMPUS PATROL,0.1097,0.0,0,0.9758,0.0,0.55
2.464,PATROL,BEAT 1 · CAMPUS PATROL,0.1091,0.0,0,0.9758,0.0,0.55
2.52,PATROL,BEAT 1 · CAMPUS PATROL,0.1087,0.0,0,0.9758,0.0,0.55
2.576,PATROL,BEAT 1 · CAMPUS PATROL,0.1083,0.0,0,0.9758,0.0,0.55
2.632,PATROL,BEAT 1 · CAMPUS PATROL,0.1079,0.0,0,0.9757,0.0,0.55
2.688,PATROL,BEAT 1 · CAMPUS PATROL,0.1076,0.0,0,0.9757,0.0,0.55
2.744,PATROL,BEAT 1 · CAMPUS PATROL,0.1073,0.0,0,0.9757,0.0,0.55
2.8,PATROL,BEAT 1 · CAMPUS PATROL,0.107,0.0,0,0.9757,0.0,0.55
2.856,PATROL,BEAT 1 · CAMPUS PATROL,0.1068,0.0,0,0.9757,0.0,0.55
2.912,PATROL,BEAT 1 · CAMPUS PATROL,0.1066,0.0,0,0.9757,0.0,0.55
2.968,PATROL,BEAT 1 · CAMPUS PATROL,0.1063,0.0,0,0.9757,0.0,0.55
3.024,PATROL,BEAT 1 · CAMPUS PATROL,0.1062,0.0,0,0.9757,0.0,0.55
3.08,PATROL,BEAT 1 · CAMPUS PATROL,0.106,0.0,0,0.9757,0.0,0.55
3.136,PATROL,BEAT 1 · CAMPUS PATROL,0.1058,0.0,0,0.9758,0.0,0.55
3.192,PATROL,BEAT 1 · CAMPUS PATROL,0.1057,0.0,0,0.9758,0.0,0.55
3.248,PATROL,BEAT 1 · CAMPUS PATROL,0.1055,0.0,0,0.9758,0.0,0.55
3.304,PATROL,BEAT 1 · CAMPUS PATROL,0.1054,0.0,0,0.9758,0.0,0.55
3.36,PATROL,BEAT 1 · CAMPUS PATROL,0.1053,0.0,0,0.9758,0.0,0.55
3.416,PATROL,BEAT 1 · CAMPUS PATROL,0.1051,0.0,0,0.9758,0.0,0.55
3.472,PATROL,BEAT 1 · CAMPUS PATROL,0.1051,0.0,0,0.9759,0.0,0.55
3.528,PATROL,BEAT 1 · CAMPUS PATROL,0.105,0.0,0,0.9759,0.0,0.55
3.584,PATROL,BEAT 1 · CAMPUS PATROL,0.105,0.0,0,0.976,0.0,0.55
3.64,PATROL,BEAT 1 · CAMPUS PATROL,0.1049,0.0,0,0.976,0.0,0.55
3.696,PATROL,BEAT 1 · CAMPUS PATROL,0.1049,0.0,0,0.9761,0.0,0.55
3.752,PATROL,BEAT 1 · CAMPUS PATROL,0.1049,0.0,0,0.9761,0.0,0.55
3.808,PATROL,BEAT 1 · CAMPUS PATROL,0.1048,0.0,0,0.9762,0.0,0.55
3.864,PATROL,BEAT 1 · CAMPUS PATROL,0.1048,0.0,0,0.9762,0.0,0.55
3.92,PATROL,BEAT 1 · CAMPUS PATROL,0.1048,0.0,0,0.9763,0.0,0.55
3.976,PATROL,BEAT 1 · CAMPUS PATROL,0.1048,0.0,0,0.9763,0.0,0.55
4.032,PATROL,BEAT 1 · CAMPUS PATROL,0.1048,0.0,0,0.9764,0.0,0.55
4.088,PATROL,BEAT 1 · CAMPUS PATROL,0.1048,0.0,0,0.9764,0.0,0.55
4.144,PATROL,BEAT 1 · CAMPUS PATROL,0.1048,0.0,0,0.9765,0.0,0.55
4.2,PATROL,BEAT 1 · CAMPUS PATROL,0.1047,0.0,0,0.9765,0.0,0.55
4.256,PATROL,BEAT 1 · CAMPUS PATROL,0.1047,0.0,0,0.9766,0.0,0.55
4.312,PATROL,BEAT 1 · CAMPUS PATROL,0.1047,0.0,0,0.9766,0.0,0.55
4.368,PATROL,BEAT 1 · CAMPUS PATROL,0.1047,0.0,0,0.9767,0.0,0.55
4.424,PATROL,BEAT 1 · CAMPUS PATROL,0.1047,0.0,0,0.9767,0.0,0.55
4.48,PATROL,BEAT 1 · CAMPUS PATROL,0.1047,0.0,0,0.9768,0.0,0.55
4.536,PATROL,BEAT 1 · CAMPUS PATROL,0.1046,0.0,0,0.9768,0.0,0.55
4.592,PATROL,BEAT 1 · CAMPUS PATROL,0.1046,0.0,0,0.9769,0.0,0.55
4.648,PATROL,BEAT 1 · CAMPUS PATROL,0.1046,0.0,0,0.9769,0.0,0.55
4.704,PATROL,BEAT 1 · CAMPUS PATROL,0.1046,0.0,0,0.9769,0.0,0.55
4.76,PATROL,BEAT 1 · CAMPUS PATROL,0.1045,0.0,0,0.977,0.0,0.55
4.816,PATROL,BEAT 1 · CAMPUS PATROL,0.1045,0.0,0,0.977,0.0,0.55
4.872,PATROL,BEAT 1 · CAMPUS PATROL,0.1045,0.0,0,0.9771,0.0,0.55
4.928,PATROL,BEAT 1 · CAMPUS PATROL,0.1044,0.0,0,0.9771,0.0,0.55
4.984,PATROL,BEAT 1 · CAMPUS PATROL,0.1044,0.0,0,0.9771,0.0,0.55
5.04,PATROL,BEAT 1 · CAMPUS PATROL,0.1044,0.0,0,0.9772,0.0,0.55
5.096,PATROL,BEAT 1 · CAMPUS PATROL,0.1043,0.0,0,0.9772,0.0,0.55
5.152,PATROL,BEAT 1 · CAMPUS PATROL,0.1043,0.0,0,0.9773,0.0,0.55
5.208,PATROL,BEAT 1 · CAMPUS PATROL,0.1043,0.0,0,0.9773,0.0,0.55
5.264,PATROL,BEAT 1 · CAMPUS PATROL,0.1042,0.0,0,0.9773,0.0,0.55
5.32,PATROL,BEAT 1 · CAMPUS PATROL,0.1042,0.0,0,0.9774,0.0,0.55
5.376,PATROL,BEAT 1 · CAMPUS PATROL,0.1041,0.0,0,0.9774,0.0,0.55
5.432,PATROL,BEAT 1 · CAMPUS PATROL,0.1041,0.0,0,0.9774,0.0,0.55
5.488,PATROL,BEAT 1 · CAMPUS PATROL,0.1041,0.0,0,0.9775,0.0,0.55
5.544,PATROL,BEAT 1 · CAMPUS PATROL,0.104,0.0,0,0.9775,0.0,0.55
5.6,PATROL,BEAT 1 · CAMPUS PATROL,0.104,0.0,0,0.9775,0.0,0.55
5.656,PATROL,BEAT 1 · CAMPUS PATROL,0.1039,0.0,0,0.9776,0.0,0.55
5.712,PATROL,BEAT 1 · CAMPUS PATROL,0.1039,0.0,0,0.9776,0.0,0.55
5.768,PATROL,BEAT 1 · CAMPUS PATROL,0.1038,0.0,0,0.9776,0.0,0.55
5.824,PATROL,BEAT 1 · CAMPUS PATROL,0.1038,0.0,0,0.9777,0.0,0.55
5.88,PATROL,BEAT 1 · CAMPUS PATROL,0.1038,0.0,0,0.9777,0.0,0.55
5.936,PATROL,BEAT 1 · CAMPUS PATROL,0.1037,0.0,0,0.9777,0.0,0.55
5.992,PATROL,BEAT 1 · CAMPUS PATROL,0.1037,0.0,0,0.9777,0.0,0.55
6.048,PATROL,BEAT 1 · CAMPUS PATROL,0.1037,0.0,0,0.9777,0.0,0.55
6.104,PATROL,BEAT 1 · CAMPUS PATROL,0.1037,0.0,0,0.9778,0.0,0.55
6.16,PATROL,BEAT 1 · CAMPUS PATROL,0.1036,0.0,0,0.9778,0.0,0.55
6.216,PATROL,BEAT 1 · CAMPUS PATROL,0.1036,0.0,0,0.9778,0.0,0.55
6.272,PATROL,BEAT 1 · CAMPUS PATROL,0.1036,0.0,0,0.9778,0.0,0.55
6.328,PATROL,BEAT 1 · CAMPUS PATROL,0.1035,0.0,0,0.9778,0.0,0.55
6.384,PATROL,BEAT 1 · CAMPUS PATROL,0.1035,0.0,0,0.9778,0.0,0.55
6.44,PATROL,BEAT 1 · CAMPUS PATROL,0.1035,0.0,0,0.9778,0.0,0.55
6.496,PATROL,BEAT 1 · CAMPUS PATROL,0.1035,0.0,0,0.9778,0.0,0.55
6.552,PATROL,BEAT 1 · CAMPUS PATROL,0.1034,0.0,0,0.9778,0.0,0.55
6.608,PATROL,BEAT 1 · CAMPUS PATROL,0.1034,0.0,0,0.9778,0.0,0.55
6.664,PATROL,BEAT 1 · CAMPUS PATROL,0.1034,0.0,0,0.9778,0.0,0.55
6.72,PATROL,BEAT 1 · CAMPUS PATROL,0.1034,0.0,0,0.9778,0.0,0.55
6.776,PATROL,BEAT 1 · CAMPUS PATROL,0.1034,0.0,0,0.9778,0.0,0.55
6.832,PATROL,BEAT 1 · CAMPUS PATROL,0.1033,0.0,0,0.9778,0.0,0.55
6.888,PATROL,BEAT 1 · CAMPUS PATROL,0.1033,0.0,0,0.9778,0.0,0.55
6.944,PATROL,BEAT 1 · CAMPUS PATROL,0.1033,0.0,0,0.9778,0.0,0.55
7.0,PATROL,BEAT 1 · CAMPUS PATROL,0.1033,0.0,0,0.9778,0.0,0.55
7.056,PATROL,BEAT 1 · CAMPUS PATROL,0.1033,0.0,0,0.9778,0.0,0.55
7.112,PATROL,BEAT 1 · CAMPUS PATROL,0.1033,0.0,0,0.9778,0.0,0.55
7.168,PATROL,BEAT 1 · CAMPUS PATROL,0.1033,0.0,0,0.9778,0.0,0.55
7.224,PATROL,BEAT 1 · CAMPUS PATROL,0.1033,0.0,0,0.9778,0.0,0.55
7.28,PATROL,BEAT 1 · CAMPUS PATROL,0.1032,0.0,0,0.9778,0.0,0.55
7.336,PATROL,BEAT 1 · CAMPUS PATROL,0.1032,0.0,0,0.9778,0.0,0.55
7.392,PATROL,BEAT 1 · CAMPUS PATROL,0.1032,0.0,0,0.9778,0.0,0.55
7.448,PATROL,BEAT 1 · CAMPUS PATROL,0.1032,0.0,0,0.9777,0.0,0.55
7.504,SCAN,BEAT 2 · RANGEFINDER SCAN,0.1032,0.0,0,0.9777,0.0,0.55
7.56,SCAN,BEAT 2 · RANGEFINDER SCAN,0.1032,0.0,0,0.9777,0.0,0.55
7.616,SCAN,BEAT 2 · RANGEFINDER SCAN,0.1032,0.0,0,0.9777,0.0,0.55
7.672,SCAN,BEAT 2 · RANGEFINDER SCAN,0.1032,0.0,0,0.9777,0.0,0.55
7.728,SCAN,BEAT 2 · RANGEFINDER SCAN,0.1032,0.0,0,0.9777,0.0,0.55
7.784,SCAN,BEAT 2 · RANGEFINDER SCAN,0.1032,0.0,0,0.9777,0.0,0.55
7.84,SCAN,BEAT 2 · RANGEFINDER SCAN,0.1032,0.0,0,0.9777,0.0,0.55
7.896,SCAN,BEAT 2 · RANGEFINDER SCAN,0.1031,0.0,0,0.9776,0.0,0.55
7.952,SCAN,BEAT 2 · RANGEFINDER SCAN,0.1031,0.0,0,0.9776,0.0,0.55
8.008,SCAN,BEAT 2 · RANGEFINDER SCAN,0.1031,0.0,0,0.9776,0.0,0.55
8.064,SCAN,BEAT 2 · RANGEFINDER SCAN,0.1031,0.0,0,0.9776,0.0,0.55
8.12,SCAN,BEAT 2 · RANGEFINDER SCAN,0.1031,0.0,0,0.9776,0.0,0.55
8.176,SCAN,BEAT 2 · RANGEFINDER SCAN,0.103,0.0,0,0.9776,0.0,0.55
8.232,SCAN,BEAT 2 · RANGEFINDER SCAN,0.103,0.0,0,0.9775,0.0,0.55
8.288,SCAN,BEAT 2 · RANGEFINDER SCAN,0.103,0.0,0,0.9775,0.0,0.55
8.344,SCAN,BEAT 2 · RANGEFINDER SCAN,0.103,0.0,0,0.9775,0.0,0.55
8.4,SCAN,BEAT 2 · RANGEFINDER SCAN,0.103,0.0,0,0.9775,0.0,0.55
8.456,SCAN,BEAT 2 · RANGEFINDER SCAN,0.1029,0.0,0,0.9775,0.0,0.55
8.512,SCAN,BEAT 2 · RANGEFINDER SCAN,0.1029,0.0,0,0.9775,0.0,0.55
8.568,SCAN,BEAT 2 · RANGEFINDER SCAN,0.1029,0.0,0,0.9774,0.0,0.55
8.624,SCAN,BEAT 2 · RANGEFINDER SCAN,0.1029,0.0,0,0.9774,0.0,0.55
8.68,SCAN,BEAT 2 · RANGEFINDER SCAN,0.1029,0.0,0,0.9774,0.0,0.55
8.736,SCAN,BEAT 2 · RANGEFINDER SCAN,0.1029,0.0,0,0.9774,0.0,0.55
8.792,SCAN,BEAT 2 · RANGEFINDER SCAN,0.1028,0.0,0,0.9774,0.0,0.55
8.848,SCAN,BEAT 2 · RANGEFINDER SCAN,0.1028,0.0,0,0.9774,0.0,0.55
8.904,SCAN,BEAT 2 · RANGEFINDER SCAN,0.1028,0.0,0,0.9774,0.0,0.55
8.96,SCAN,BEAT 2 · RANGEFINDER SCAN,0.1028,0.0,0,0.9773,0.0,0.55
9.016,ALIGN,BEAT 3 · HAZARD ALIGN,0.1028,0.0,0,0.9773,0.0,0.55
9.072,ALIGN,BEAT 3 · HAZARD ALIGN,0.1028,0.0,0,0.9773,0.0,0.55
9.128,ALIGN,BEAT 3 · HAZARD ALIGN,0.1028,0.0,0,0.9773,0.0,0.55
9.184,ALIGN,BEAT 3 · HAZARD ALIGN,0.1028,0.0,0,0.9773,0.0,0.55
9.24,ALIGN,BEAT 3 · HAZARD ALIGN,0.1028,0.0,0,0.9773,0.0,0.55
9.296,ALIGN,BEAT 3 · HAZARD ALIGN,0.1028,0.0,0,0.9773,0.0,0.55
9.352,ALIGN,BEAT 3 · HAZARD ALIGN,0.1028,0.0,0,0.9773,0.0,0.55
9.408,ALIGN,BEAT 3 · HAZARD ALIGN,0.1028,0.0,0,0.9772,0.0,0.55
9.464,ALIGN,BEAT 3 · HAZARD ALIGN,0.1027,0.0,0,0.9772,0.0,0.55
9.52,ALIGN,BEAT 3 · HAZARD ALIGN,0.1027,0.0,0,0.9772,0.0,0.55
9.576,ALIGN,BEAT 3 · HAZARD ALIGN,0.1027,0.0,0,0.9771,0.0,0.55
9.632,ALIGN,BEAT 3 · HAZARD ALIGN,0.1027,0.0,0,0.9771,0.0,0.55
9.688,ALIGN,BEAT 3 · HAZARD ALIGN,0.1027,0.0,0,0.9771,0.0,0.55
9.744,ALIGN,BEAT 3 · HAZARD ALIGN,0.1027,0.0,0,0.977,0.0,0.55
9.8,ALIGN,BEAT 3 · HAZARD ALIGN,0.1027,0.0,0,0.977,0.0,0.55
9.856,ALIGN,BEAT 3 · HAZARD ALIGN,0.1026,0.0,0,0.9769,0.0,0.55
9.912,ALIGN,BEAT 3 · HAZARD ALIGN,0.1026,0.0,0,0.9769,0.0,0.55
9.968,ALIGN,BEAT 3 · HAZARD ALIGN,0.1026,0.0,0,0.9768,0.0,0.55
10.024,ALIGN,BEAT 3 · HAZARD ALIGN,0.1026,0.0,0,0.9768,0.0,0.55
10.08,ALIGN,BEAT 3 · HAZARD ALIGN,0.1026,0.0,0,0.9767,0.0,0.55
10.136,ALIGN,BEAT 3 · HAZARD ALIGN,0.1026,0.0,0,0.9766,0.0,0.55
10.192,ALIGN,BEAT 3 · HAZARD ALIGN,0.1026,0.0,0,0.9766,0.0,0.55
10.248,ALIGN,BEAT 3 · HAZARD ALIGN,0.1026,0.0,0,0.9765,0.0,0.55
10.304,ALIGN,BEAT 3 · HAZARD ALIGN,0.1026,0.0,0,0.9764,0.0,0.55
10.36,ALIGN,BEAT 3 · HAZARD ALIGN,0.1025,0.0,0,0.9763,0.0,0.55
10.416,ALIGN,BEAT 3 · HAZARD ALIGN,0.1025,0.0,0,0.9763,0.0,0.55
10.472,ALIGN,BEAT 3 · HAZARD ALIGN,0.1025,0.0,0,0.9762,0.0,0.55
10.528,ALIGN,BEAT 3 · HAZARD ALIGN,0.1025,0.0,0,0.9761,0.0,0.55
10.584,ALIGN,BEAT 3 · HAZARD ALIGN,0.1025,0.0,0,0.976,0.0,0.55
10.64,ALIGN,BEAT 3 · HAZARD ALIGN,0.1025,0.0,0,0.9759,0.0,0.55
10.696,ALIGN,BEAT 3 · HAZARD ALIGN,0.1025,0.0,0,0.9759,0.0,0.55
10.752,ALIGN,BEAT 3 · HAZARD ALIGN,0.1025,0.0,0,0.9758,0.0,0.55
10.808,ALIGN,BEAT 3 · HAZARD ALIGN,0.1026,0.0,0,0.9757,0.0,0.55
10.864,ALIGN,BEAT 3 · HAZARD ALIGN,0.1026,0.0,0,0.9756,0.0,0.55
10.92,ALIGN,BEAT 3 · HAZARD ALIGN,0.1026,0.0,0,0.9755,0.0,0.55
10.976,ALIGN,BEAT 3 · HAZARD ALIGN,0.1026,0.0,0,0.9755,0.0,0.55
11.032,REACH,BEAT 4 · ARM EXTEND,0.1026,0.0,0,0.9754,0.639,0.4
11.088,REACH,BEAT 4 · ARM EXTEND,0.1023,0.0002,0,0.9752,0.6387,0.4
11.144,REACH,BEAT 4 · ARM EXTEND,0.1011,0.0006,0,0.9751,0.6383,0.4
11.2,REACH,BEAT 4 · ARM EXTEND,0.0995,0.0012,0,0.975,0.6378,0.4
11.256,REACH,BEAT 4 · ARM EXTEND,0.0976,0.0021,0,0.9746,0.6371,0.4
11.312,REACH,BEAT 4 · ARM EXTEND,0.0963,0.003,0,0.974,0.6361,0.4
11.368,REACH,BEAT 4 · ARM EXTEND,-1.0,0.0042,0,0.9733,0.6351,0.4
11.424,REACH,BEAT 4 · ARM EXTEND,-1.0,0.0055,1,0.9724,1.8483,0.2
11.48,REACH,BEAT 4 · ARM EXTEND,0.0935,0.0069,1,0.9705,2.1046,0.2
11.536,REACH,BEAT 4 · ARM EXTEND,0.0943,0.0085,1,0.968,1.9989,0.2
11.592,REACH,BEAT 4 · ARM EXTEND,0.0976,0.0102,1,0.9642,1.5449,0.2
11.648,REACH,BEAT 4 · ARM EXTEND,0.1021,0.012,1,0.9578,2.5377,0.2
11.704,REACH,BEAT 4 · ARM EXTEND,0.1087,0.0138,1,0.9515,28.4718,0.2
11.76,REACH,BEAT 4 · ARM EXTEND,-1.0,0.0158,3,0.946,11.9193,0.2
11.816,REACH,BEAT 4 · ARM EXTEND,-1.0,0.0177,3,0.9354,3.6755,0.2
11.872,REACH,BEAT 4 · ARM EXTEND,-1.0,0.0198,2,0.909,7.9554,0.2
11.928,REACH,BEAT 4 · ARM EXTEND,-1.0,0.0219,2,0.902,9.41,0.2
11.984,REACH,BEAT 4 · ARM EXTEND,-1.0,0.024,2,0.8894,11.4624,0.2
12.04,REACH,BEAT 4 · ARM EXTEND,-1.0,0.026,3,0.8816,8.9946,0.2
12.096,REACH,BEAT 4 · ARM EXTEND,-1.0,0.0281,1,0.8404,17.3626,0.2
12.152,REACH,BEAT 4 · ARM EXTEND,-1.0,0.0302,0,0.8117,0.5008,0.4
12.208,REACH,BEAT 4 · ARM EXTEND,-1.0,0.0323,0,0.8236,0.5085,0.4
12.264,REACH,BEAT 4 · ARM EXTEND,-1.0,0.0342,0,0.8225,0.5079,0.4
12.32,REACH,BEAT 4 · ARM EXTEND,-1.0,0.0362,0,0.8199,0.5065,0.4
12.376,REACH,BEAT 4 · ARM EXTEND,-1.0,0.038,0,0.8182,0.5057,0.4
12.432,REACH,BEAT 4 · ARM EXTEND,-1.0,0.0398,0,0.817,0.505,0.4
12.488,REACH,BEAT 4 · ARM EXTEND,-1.0,0.0415,0,0.8159,0.5045,0.4
12.544,REACH,BEAT 4 · ARM EXTEND,-1.0,0.0431,0,0.815,0.5041,0.4
12.6,REACH,BEAT 4 · ARM EXTEND,-1.0,0.0445,0,0.8141,0.5036,0.4
12.656,REACH,BEAT 4 · ARM EXTEND,-1.0,0.0458,0,0.8133,0.5033,0.4
12.712,REACH,BEAT 4 · ARM EXTEND,-1.0,0.047,0,0.8126,0.503,0.4
12.768,REACH,BEAT 4 · ARM EXTEND,-1.0,0.0479,0,0.8119,0.5027,0.4
12.824,REACH,BEAT 4 · ARM EXTEND,-1.0,0.0488,0,0.8114,0.5025,0.4
12.88,REACH,BEAT 4 · ARM EXTEND,-1.0,0.0494,0,0.8109,0.5023,0.4
12.936,REACH,BEAT 4 · ARM EXTEND,-1.0,0.0498,0,0.8104,0.5022,0.4
12.992,REACH,BEAT 4 · ARM EXTEND,-1.0,0.05,0,0.8101,0.5022,0.4
13.048,GRASP,BEAT 5 · TRI-FINGER GRASP,-1.0,1.0,2,0.0608,174.4099,0.2
13.104,GRASP,BEAT 5 · TRI-FINGER GRASP,-1.0,1.0,1,0.0506,57.919,0.2
13.16,GRASP,BEAT 5 · TRI-FINGER GRASP,-1.0,1.0,2,0.0483,80.2273,0.2
13.216,GRASP,BEAT 5 · TRI-FINGER GRASP,-1.0,0.1757,0,0.0545,0.3375,0.4
13.272,GRASP,BEAT 5 · TRI-FINGER GRASP,-1.0,1.0,1,0.0511,45.2194,0.2
13.328,GRASP,BEAT 5 · TRI-FINGER GRASP,-1.0,0.1936,0,0.0486,0.3511,0.4
13.384,GRASP,BEAT 5 · TRI-FINGER GRASP,-1.0,0.2556,0,0.0457,0.5163,0.4
13.44,GRASP,BEAT 5 · TRI-FINGER GRASP,-1.0,1.0,2,0.0452,65.502,0.2
13.496,GRASP,BEAT 5 · TRI-FINGER GRASP,-1.0,1.0,2,0.0501,84.8467,0.2
13.552,GRASP,BEAT 5 · TRI-FINGER GRASP,-1.0,0.2619,0,0.0624,0.4096,0.4
13.608,GRASP,BEAT 5 · TRI-FINGER GRASP,-1.0,0.2712,0,0.0501,0.4021,0.4
13.664,GRASP,BEAT 5 · TRI-FINGER GRASP,-1.0,0.2755,0,0.054,0.3579,0.4
13.72,GRASP,BEAT 5 · TRI-FINGER GRASP,-1.0,0.2918,0,0.0502,0.3596,0.4
13.776,GRASP,BEAT 5 · TRI-FINGER GRASP,-1.0,0.298,0,0.0483,0.3243,0.4
13.832,GRASP,BEAT 5 · TRI-FINGER GRASP,-1.0,1.0,1,0.0599,20.668,0.2
13.888,GRASP,BEAT 5 · TRI-FINGER GRASP,-1.0,0.4039,0,0.0452,0.5366,0.4
13.944,GRASP,BEAT 5 · TRI-FINGER GRASP,-1.0,0.3493,0,0.0507,0.2963,0.4
14.0,GRASP,BEAT 5 · TRI-FINGER GRASP,-1.0,0.3565,0,0.0523,0.2523,0.4
14.056,GRASP,BEAT 5 · TRI-FINGER GRASP,-1.0,0.4026,0,0.0478,0.3324,0.4
14.112,GRASP,BEAT 5 · TRI-FINGER GRASP,-1.0,0.3839,0,0.0504,0.2051,0.4
14.168,GRASP,BEAT 5 · TRI-FINGER GRASP,-1.0,1.0,1,0.0499,7.3022,0.2
14.224,GRASP,BEAT 5 · TRI-FINGER GRASP,-1.0,0.4703,0,0.0518,0.3246,0.4
14.28,GRASP,BEAT 5 · TRI-FINGER GRASP,-1.0,0.4936,0,0.0447,0.3286,0.4
14.336,GRASP,BEAT 5 · TRI-FINGER GRASP,-1.0,0.4877,0,0.046,0.235,0.4
14.392,GRASP,BEAT 5 · TRI-FINGER GRASP,-1.0,0.508,0,0.0488,0.2221,0.4
14.448,GRASP,BEAT 5 · TRI-FINGER GRASP,-1.0,0.5397,0,0.0514,0.2438,0.4
14.504,GRASP,BEAT 5 · TRI-FINGER GRASP,-1.0,0.5786,0,0.0474,0.2933,0.4
14.56,GRASP,BEAT 5 · TRI-FINGER GRASP,-1.0,0.5655,0,0.0484,0.1785,0.4
14.616,GRASP,BEAT 5 · TRI-FINGER GRASP,-1.0,0.5786,0,0.0488,0.1448,0.4
14.672,GRASP,BEAT 5 · TRI-FINGER GRASP,-1.0,0.605,0,0.0508,0.152,0.4
14.728,GRASP,BEAT 5 · TRI-FINGER GRASP,-1.0,0.607,0,0.05,0.0934,0.4
14.784,GRASP,BEAT 5 · TRI-FINGER GRASP,-1.0,0.6418,0,0.0498,0.1199,0.4
14.84,GRASP,BEAT 5 · TRI-FINGER GRASP,-1.0,1.0,1,0.0536,32.1676,0.2
14.896,GRASP,BEAT 5 · TRI-FINGER GRASP,-1.0,0.7279,0,0.0487,0.2389,0.4
14.952,GRASP,BEAT 5 · TRI-FINGER GRASP,-1.0,0.803,0,0.0546,0.3986,0.4
15.008,GRASP,BEAT 5 · TRI-FINGER GRASP,-1.0,0.8017,0,0.0528,0.3275,0.4
15.064,GRASP,BEAT 5 · TRI-FINGER GRASP,-1.0,1.0,1,0.0502,21.523,0.2
15.12,GRASP,BEAT 5 · TRI-FINGER GRASP,-1.0,1.0,1,0.0543,76.2923,0.2
15.176,GRASP,BEAT 5 · TRI-FINGER GRASP,-1.0,0.8135,0,0.0519,0.1726,0.4
15.232,GRASP,BEAT 5 · TRI-FINGER GRASP,-1.0,1.0,1,0.0509,83.3053,0.2
15.288,GRASP,BEAT 5 · TRI-FINGER GRASP,-1.0,1.0,2,0.0499,71.2052,0.2
15.344,GRASP,BEAT 5 · TRI-FINGER GRASP,-1.0,0.8942,0,0.0527,0.2503,0.4
15.4,GRASP,BEAT 5 · TRI-FINGER GRASP,-1.0,0.9037,0,0.0526,0.229,0.4
15.456,GRASP,BEAT 5 · TRI-FINGER GRASP,-1.0,0.9392,0,0.0516,0.2919,0.4
15.512,GRASP,BEAT 5 · TRI-FINGER GRASP,-1.0,0.927,0,0.0471,0.2104,0.4
15.568,GRASP,BEAT 5 · TRI-FINGER GRASP,-1.0,0.9873,0,0.0437,0.3553,0.4
15.624,GRASP,BEAT 5 · TRI-FINGER GRASP,-1.0,0.9732,0,0.046,0.2748,0.4
15.68,GRASP,BEAT 5 · TRI-FINGER GRASP,-1.0,0.9735,0,0.0489,0.243,0.4
15.736,GRASP,BEAT 5 · TRI-FINGER GRASP,-1.0,0.9896,0,0.0512,0.2643,0.4
15.792,GRASP,BEAT 5 · TRI-FINGER GRASP,-1.0,0.9663,0,0.0505,0.1717,0.4
15.848,GRASP,BEAT 5 · TRI-FINGER GRASP,-1.0,1.0,0,0.0461,0.3163,0.4
15.904,GRASP,BEAT 5 · TRI-FINGER GRASP,-1.0,0.9971,0,0.0473,0.2368,0.4
15.96,GRASP,BEAT 5 · TRI-FINGER GRASP,-1.0,0.9792,0,0.0484,0.1746,0.4
16.016,GRASP,BEAT 5 · TRI-FINGER GRASP,-1.0,0.9778,0,0.0486,0.1679,0.4
16.072,LIFT,BEAT 6 · PACKAGE LIFT,-1.0,1.0,0,0.0488,0.1549,0.4
16.128,LIFT,BEAT 6 · PACKAGE LIFT,-1.0,1.0,0,0.0487,0.1679,0.4
16.184,LIFT,BEAT 6 · PACKAGE LIFT,-1.0,1.0,1,0.0516,3.1367,0.2
16.24,LIFT,BEAT 6 · PACKAGE LIFT,-1.0,1.0,1,0.0526,3.3549,0.2
16.296,LIFT,BEAT 6 · PACKAGE LIFT,-1.0,1.0,1,0.0527,3.2711,0.2
16.352,LIFT,BEAT 6 · PACKAGE LIFT,-1.0,1.0,1,0.0526,3.2056,0.2
16.408,LIFT,BEAT 6 · PACKAGE LIFT,-1.0,1.0,1,0.0521,2.745,0.2
16.464,LIFT,BEAT 6 · PACKAGE LIFT,-1.0,1.0,1,0.0505,2.4215,0.2
16.52,LIFT,BEAT 6 · PACKAGE LIFT,-1.0,1.0,1,0.0479,0.4633,0.2
16.576,LIFT,BEAT 6 · PACKAGE LIFT,-1.0,1.0,1,0.0464,0.2494,0.5391
16.632,LIFT,BEAT 6 · PACKAGE LIFT,-1.0,1.0,1,0.0462,0.3868,0.2983
16.688,LIFT,BEAT 6 · PACKAGE LIFT,-1.0,1.0,1,0.0473,0.4272,0.2
16.744,LIFT,BEAT 6 · PACKAGE LIFT,-1.0,1.0,1,0.0485,0.5963,0.2
16.8,LIFT,BEAT 6 · PACKAGE LIFT,-1.0,1.0,1,0.0494,0.8685,0.2
16.856,LIFT,BEAT 6 · PACKAGE LIFT,-1.0,1.0,1,0.0499,0.7267,0.2
16.912,LIFT,BEAT 6 · PACKAGE LIFT,-1.0,1.0,1,0.05,0.7953,0.2
16.968,LIFT,BEAT 6 · PACKAGE LIFT,-1.0,1.0,1,0.05,0.81,0.2
17.024,LIFT,BEAT 6 · PACKAGE LIFT,-1.0,1.0,1,0.0499,0.7728,0.2
17.08,LIFT,BEAT 6 · PACKAGE LIFT,-1.0,1.0,1,0.0496,0.6239,0.2
17.136,LIFT,BEAT 6 · PACKAGE LIFT,-1.0,1.0,1,0.0486,0.8477,0.2
17.192,LIFT,BEAT 6 · PACKAGE LIFT,-1.0,1.0,1,0.0482,0.5882,0.2
17.248,LIFT,BEAT 6 · PACKAGE LIFT,-1.0,1.0,1,0.0482,0.6811,0.2
17.304,LIFT,BEAT 6 · PACKAGE LIFT,-1.0,1.0,1,0.0486,0.8238,0.2
17.36,LIFT,BEAT 6 · PACKAGE LIFT,-1.0,1.0,1,0.0494,0.9748,0.2
17.416,LIFT,BEAT 6 · PACKAGE LIFT,-1.0,1.0,1,0.0496,0.696,0.2
17.472,LIFT,BEAT 6 · PACKAGE LIFT,-1.0,1.0,1,0.0495,0.6679,0.2
17.528,RECOVER,BEAT 7 · 4N SHOVE + SLIP RECOVERY,-1.0,1.0,1,0.0494,0.9376,0.2
17.584,RECOVER,BEAT 7 · 4N SHOVE + SLIP RECOVERY,-1.0,1.0,1,0.0505,0.8469,0.2
17.64,RECOVER,BEAT 7 · 4N SHOVE + SLIP RECOVERY,-1.0,1.0,1,0.0512,0.997,0.2
17.696,RECOVER,BEAT 7 · 4N SHOVE + SLIP RECOVERY,-1.0,1.0,1,0.0506,1.0131,0.2
17.752,RECOVER,BEAT 7 · 4N SHOVE + SLIP RECOVERY,-1.0,1.0,1,0.0506,0.4,0.2024
17.808,RECOVER,BEAT 7 · 4N SHOVE + SLIP RECOVERY,-1.0,1.0,1,0.0509,0.9657,0.2
17.864,RECOVER,BEAT 7 · 4N SHOVE + SLIP RECOVERY,-1.0,1.0,1,0.0508,1.1466,0.2
17.92,RECOVER,BEAT 7 · 4N SHOVE + SLIP RECOVERY,-1.0,1.0,0,0.051,0.1903,0.4
17.976,RECOVER,BEAT 7 · 4N SHOVE + SLIP RECOVERY,-1.0,1.0,1,0.051,1.3517,0.2
18.032,RECOVER,BEAT 7 · 4N SHOVE + SLIP RECOVERY,-1.0,1.0,1,0.0512,1.3781,0.2
18.088,RECOVER,BEAT 7 · 4N SHOVE + SLIP RECOVERY,-1.0,1.0,1,0.0513,1.5924,0.2
18.144,RECOVER,BEAT 7 · 4N SHOVE + SLIP RECOVERY,-1.0,1.0,1,0.0511,1.9363,0.2
18.2,RECOVER,BEAT 7 · 4N SHOVE + SLIP RECOVERY,-1.0,1.0,1,0.0506,0.364,0.2
18.256,RECOVER,BEAT 7 · 4N SHOVE + SLIP RECOVERY,-1.0,1.0,1,0.0502,0.4957,0.2
18.312,RECOVER,BEAT 7 · 4N SHOVE + SLIP RECOVERY,-1.0,1.0,1,0.0497,0.4207,0.2
18.368,RECOVER,BEAT 7 · 4N SHOVE + SLIP RECOVERY,-1.0,1.0,1,0.0492,0.37,0.2
18.424,RECOVER,BEAT 7 · 4N SHOVE + SLIP RECOVERY,-1.0,1.0,1,0.0488,0.3092,0.2091
18.48,RECOVER,BEAT 7 · 4N SHOVE + SLIP RECOVERY,-1.0,1.0,1,0.0484,0.5675,0.2
18.536,RECOVER,BEAT 7 · 4N SHOVE + SLIP RECOVERY,-1.0,1.0,1,0.0484,0.2747,0.3865
18.592,RECOVER,BEAT 7 · 4N SHOVE + SLIP RECOVERY,-1.0,1.0,0,0.0494,0.2105,0.4
18.648,RECOVER,BEAT 7 · 4N SHOVE + SLIP RECOVERY,-1.0,1.0,1,0.0505,1.3438,0.2
18.704,RECOVER,BEAT 7 · 4N SHOVE + SLIP RECOVERY,-1.0,1.0,1,0.051,1.3597,0.2
18.76,RECOVER,BEAT 7 · 4N SHOVE + SLIP RECOVERY,-1.0,1.0,1,0.0513,1.5409,0.2
18.816,RECOVER,BEAT 7 · 4N SHOVE + SLIP RECOVERY,-1.0,1.0,1,0.0512,1.5185,0.2
18.872,RECOVER,BEAT 7 · 4N SHOVE + SLIP RECOVERY,-1.0,1.0,1,0.051,1.4131,0.2
18.928,RECOVER,BEAT 7 · 4N SHOVE + SLIP RECOVERY,-1.0,1.0,1,0.0506,1.4009,0.2
18.984,RECOVER,BEAT 7 · 4N SHOVE + SLIP RECOVERY,-1.0,1.0,1,0.0496,0.1662,0.6436
19.04,RECOVER,BEAT 7 · 4N SHOVE + SLIP RECOVERY,-1.0,1.0,1,0.0499,0.1602,0.6607
19.096,RECOVER,BEAT 7 · 4N SHOVE + SLIP RECOVERY,-1.0,1.0,1,0.0499,0.1743,0.6243
19.152,RECOVER,BEAT 7 · 4N SHOVE + SLIP RECOVERY,-1.0,1.0,1,0.0487,0.2433,0.5083
19.208,RECOVER,BEAT 7 · 4N SHOVE + SLIP RECOVERY,-1.0,1.0,1,0.0484,0.3557,0.2301
19.264,RECOVER,BEAT 7 · 4N SHOVE + SLIP RECOVERY,-1.0,1.0,1,0.0482,0.6758,0.2
19.32,RECOVER,BEAT 7 · 4N SHOVE + SLIP RECOVERY,-1.0,1.0,1,0.0484,0.6629,0.2
19.376,RECOVER,BEAT 7 · 4N SHOVE + SLIP RECOVERY,-1.0,1.0,1,0.0487,0.7459,0.2
19.432,RECOVER,BEAT 7 · 4N SHOVE + SLIP RECOVERY,-1.0,1.0,1,0.049,0.9168,0.2
19.488,RECOVER,BEAT 7 · 4N SHOVE + SLIP RECOVERY,-1.0,1.0,1,0.0494,1.0016,0.2
19.544,RECOVER,BEAT 7 · 4N SHOVE + SLIP RECOVERY,-1.0,1.0,1,0.0499,1.1164,0.2
19.6,RECOVER,BEAT 7 · 4N SHOVE + SLIP RECOVERY,-1.0,1.0,1,0.0502,1.1991,0.2
19.656,RECOVER,BEAT 7 · 4N SHOVE + SLIP RECOVERY,-1.0,1.0,1,0.0502,0.8937,0.2
19.712,RECOVER,BEAT 7 · 4N SHOVE + SLIP RECOVERY,-1.0,1.0,1,0.0507,2.8048,0.2
19.768,RECOVER,BEAT 7 · 4N SHOVE + SLIP RECOVERY,-1.0,1.0,1,0.0513,2.4467,0.2
19.824,RECOVER,BEAT 7 · 4N SHOVE + SLIP RECOVERY,-1.0,1.0,1,0.0514,2.495,0.2
19.88,RECOVER,BEAT 7 · 4N SHOVE + SLIP RECOVERY,-1.0,1.0,1,0.0517,2.1463,0.2
19.936,RECOVER,BEAT 7 · 4N SHOVE + SLIP RECOVERY,-1.0,1.0,1,0.0514,1.6892,0.2
19.992,RECOVER,BEAT 7 · 4N SHOVE + SLIP RECOVERY,-1.0,1.0,1,0.0505,1.4017,0.2
20.048,RECOVER,BEAT 7 · 4N SHOVE + SLIP RECOVERY,-1.0,1.0,1,0.0495,0.3694,0.2059
20.104,RECOVER,BEAT 7 · 4N SHOVE + SLIP RECOVERY,-1.0,1.0,1,0.0487,0.4426,0.2
20.16,RECOVER,BEAT 7 · 4N SHOVE + SLIP RECOVERY,-1.0,1.0,1,0.0485,0.3929,0.2
20.216,RECOVER,BEAT 7 · 4N SHOVE + SLIP RECOVERY,-1.0,1.0,1,0.0488,1.1184,0.2
20.272,RECOVER,BEAT 7 · 4N SHOVE + SLIP RECOVERY,-1.0,1.0,1,0.049,0.9795,0.2
20.328,RECOVER,BEAT 7 · 4N SHOVE + SLIP RECOVERY,-1.0,1.0,1,0.0493,1.0864,0.2
20.384,RECOVER,BEAT 7 · 4N SHOVE + SLIP RECOVERY,-1.0,1.0,1,0.0496,1.1069,0.2
20.44,RECOVER,BEAT 7 · 4N SHOVE + SLIP RECOVERY,-1.0,1.0,1,0.0499,1.1011,0.2
20.496,RECOVER,BEAT 7 · 4N SHOVE + SLIP RECOVERY,-1.0,1.0,1,0.0502,1.2718,0.2
20.552,HOLD,BEAT 8 · 9x LOAD HOLD,-1.0,1.0,1,0.0508,2.8611,0.2
20.608,HOLD,BEAT 8 · 9x LOAD HOLD,-1.0,1.0,1,0.0514,2.6877,0.2
20.664,HOLD,BEAT 8 · 9x LOAD HOLD,-1.0,1.0,1,0.0515,2.5396,0.2
20.72,HOLD,BEAT 8 · 9x LOAD HOLD,-1.0,1.0,1,0.0513,2.5187,0.2
20.776,HOLD,BEAT 8 · 9x LOAD HOLD,-1.0,1.0,1,0.0517,2.1192,0.2
20.832,HOLD,BEAT 8 · 9x LOAD HOLD,-1.0,1.0,1,0.0516,1.7129,0.2
20.888,HOLD,BEAT 8 · 9x LOAD HOLD,-1.0,1.0,1,0.0511,1.5692,0.2
20.944,HOLD,BEAT 8 · 9x LOAD HOLD,-1.0,1.0,0,0.0503,0.1513,0.4
21.0,HOLD,BEAT 8 · 9x LOAD HOLD,-1.0,1.0,1,0.0495,0.363,0.2108
21.056,HOLD,BEAT 8 · 9x LOAD HOLD,-1.0,1.0,0,0.0484,0.2342,0.4
21.112,HOLD,BEAT 8 · 9x LOAD HOLD,-1.0,1.0,1,0.0484,0.6448,0.2
21.168,HOLD,BEAT 8 · 9x LOAD HOLD,-1.0,1.0,1,0.049,1.2031,0.2
21.224,HOLD,BEAT 8 · 9x LOAD HOLD,-1.0,1.0,1,0.0491,0.8715,0.2
21.28,HOLD,BEAT 8 · 9x LOAD HOLD,-1.0,1.0,1,0.049,0.9839,0.2
21.336,HOLD,BEAT 8 · 9x LOAD HOLD,-1.0,1.0,1,0.0491,0.9651,0.2
21.392,HOLD,BEAT 8 · 9x LOAD HOLD,-1.0,1.0,1,0.0492,1.0171,0.2
21.448,HOLD,BEAT 8 · 9x LOAD HOLD,-1.0,1.0,1,0.0494,1.0857,0.2
21.504,HOLD,BEAT 8 · 9x LOAD HOLD,-1.0,1.0,1,0.0499,1.1727,0.2
21.56,HOLD,BEAT 8 · 9x LOAD HOLD,-1.0,1.0,1,0.0503,1.2629,0.2
21.616,HOLD,BEAT 8 · 9x LOAD HOLD,-1.0,1.0,1,0.0507,2.9483,0.2
21.672,HOLD,BEAT 8 · 9x LOAD HOLD,-1.0,1.0,1,0.0511,2.921,0.2
21.728,HOLD,BEAT 8 · 9x LOAD HOLD,-1.0,1.0,1,0.0513,2.4795,0.2
21.784,HOLD,BEAT 8 · 9x LOAD HOLD,-1.0,1.0,1,0.0515,2.0826,0.2
21.84,HOLD,BEAT 8 · 9x LOAD HOLD,-1.0,1.0,1,0.0512,1.5088,0.2
21.896,HOLD,BEAT 8 · 9x LOAD HOLD,-1.0,1.0,1,0.0506,1.4252,0.2
21.952,HOLD,BEAT 8 · 9x LOAD HOLD,-1.0,1.0,1,0.0497,0.3703,0.2
22.008,HOLD,BEAT 8 · 9x LOAD HOLD,-1.0,1.0,1,0.0485,0.458,0.2
22.064,HOLD,BEAT 8 · 9x LOAD HOLD,-1.0,1.0,1,0.0487,0.4461,0.2
22.12,HOLD,BEAT 8 · 9x LOAD HOLD,-1.0,1.0,1,0.0487,0.6208,0.2
22.176,HOLD,BEAT 8 · 9x LOAD HOLD,-1.0,1.0,1,0.0491,0.9696,0.2
22.232,HOLD,BEAT 8 · 9x LOAD HOLD,-1.0,1.0,1,0.0493,1.065,0.2
22.288,HOLD,BEAT 8 · 9x LOAD HOLD,-1.0,1.0,1,0.0496,1.1061,0.2
22.344,HOLD,BEAT 8 · 9x LOAD HOLD,-1.0,1.0,1,0.0499,1.0923,0.2
22.4,HOLD,BEAT 8 · 9x LOAD HOLD,-1.0,1.0,1,0.0502,1.2666,0.2
22.456,HOLD,BEAT 8 · 9x LOAD HOLD,-1.0,1.0,1,0.0507,2.8424,0.2
22.512,HOLD,BEAT 8 · 9x LOAD HOLD,-1.0,1.0,1,0.0513,2.4917,0.2
22.568,TRANSPORT,BEAT 9 · CONTAINMENT CARRY + 2ND SLIP,-1.0,1.0,1,0.0521,1.7673,0.2
22.624,TRANSPORT,BEAT 9 · CONTAINMENT CARRY + 2ND SLIP,-1.0,1.0,1,0.0522,2.2799,0.2
22.68,TRANSPORT,BEAT 9 · CONTAINMENT CARRY + 2ND SLIP,-1.0,1.0,1,0.052,2.794,0.2
22.736,TRANSPORT,BEAT 9 · CONTAINMENT CARRY + 2ND SLIP,-1.0,1.0,1,0.0512,0.9877,0.2
22.792,TRANSPORT,BEAT 9 · CONTAINMENT CARRY + 2ND SLIP,-1.0,1.0,1,0.0501,0.8236,0.2
22.848,TRANSPORT,BEAT 9 · CONTAINMENT CARRY + 2ND SLIP,-1.0,1.0,1,0.0489,0.3805,0.2
22.904,TRANSPORT,BEAT 9 · CONTAINMENT CARRY + 2ND SLIP,-1.0,1.0,1,0.0479,0.4867,0.2
22.96,TRANSPORT,BEAT 9 · CONTAINMENT CARRY + 2ND SLIP,-1.0,1.0,1,0.0476,0.3472,0.2266
23.016,TRANSPORT,BEAT 9 · CONTAINMENT CARRY + 2ND SLIP,-1.0,1.0,1,0.0476,0.1861,0.5839
23.072,TRANSPORT,BEAT 9 · CONTAINMENT CARRY + 2ND SLIP,-1.0,1.0,1,0.0485,0.476,0.2
23.128,TRANSPORT,BEAT 9 · CONTAINMENT CARRY + 2ND SLIP,-1.0,1.0,1,0.0492,0.6768,0.2
23.184,TRANSPORT,BEAT 9 · CONTAINMENT CARRY + 2ND SLIP,-1.0,1.0,1,0.0492,0.6257,0.2
23.24,TRANSPORT,BEAT 9 · CONTAINMENT CARRY + 2ND SLIP,-1.0,1.0,1,0.0488,0.5891,0.2
23.296,TRANSPORT,BEAT 9 · CONTAINMENT CARRY + 2ND SLIP,-1.0,1.0,1,0.0488,0.2042,0.5613
23.352,TRANSPORT,BEAT 9 · CONTAINMENT CARRY + 2ND SLIP,-1.0,1.0,1,0.0496,0.1549,0.665
23.408,TRANSPORT,BEAT 9 · CONTAINMENT CARRY + 2ND SLIP,-1.0,1.0,0,0.0506,0.1101,0.4
23.464,TRANSPORT,BEAT 9 · CONTAINMENT CARRY + 2ND SLIP,-1.0,1.0,1,0.0511,1.2665,0.2
23.52,TRANSPORT,BEAT 9 · CONTAINMENT CARRY + 2ND SLIP,-1.0,1.0,1,0.051,1.2565,0.2
23.576,TRANSPORT,BEAT 9 · CONTAINMENT CARRY + 2ND SLIP,-1.0,1.0,0,0.0508,0.1256,0.4
23.632,TRANSPORT,BEAT 9 · CONTAINMENT CARRY + 2ND SLIP,-1.0,1.0,0,0.0501,0.1435,0.4
23.688,TRANSPORT,BEAT 9 · CONTAINMENT CARRY + 2ND SLIP,-1.0,1.0,0,0.0493,0.2197,0.4
23.744,TRANSPORT,BEAT 9 · CONTAINMENT CARRY + 2ND SLIP,-1.0,1.0,0,0.0485,0.2369,0.4
23.8,TRANSPORT,BEAT 9 · CONTAINMENT CARRY + 2ND SLIP,-1.0,1.0,0,0.0485,0.2177,0.4
23.856,TRANSPORT,BEAT 9 · CONTAINMENT CARRY + 2ND SLIP,-1.0,1.0,1,0.0486,0.1941,0.5661
23.912,TRANSPORT,BEAT 9 · CONTAINMENT CARRY + 2ND SLIP,-1.0,1.0,1,0.0488,0.2667,0.4064
23.968,TRANSPORT,BEAT 9 · CONTAINMENT CARRY + 2ND SLIP,-1.0,1.0,1,0.0488,0.2545,0.4449
24.024,TRANSPORT,BEAT 9 · CONTAINMENT CARRY + 2ND SLIP,-1.0,1.0,1,0.0484,0.2104,0.5306
24.08,TRANSPORT,BEAT 9 · CONTAINMENT CARRY + 2ND SLIP,-1.0,1.0,1,0.0483,0.1539,0.6476
24.136,TRANSPORT,BEAT 9 · CONTAINMENT CARRY + 2ND SLIP,-1.0,1.0,1,0.0482,0.4712,0.2
24.192,TRANSPORT,BEAT 9 · CONTAINMENT CARRY + 2ND SLIP,-1.0,1.0,1,0.0485,0.5321,0.2
24.248,TRANSPORT,BEAT 9 · CONTAINMENT CARRY + 2ND SLIP,-1.0,1.0,1,0.0487,0.6616,0.2
24.304,TRANSPORT,BEAT 9 · CONTAINMENT CARRY + 2ND SLIP,-1.0,1.0,1,0.0494,0.8966,0.2
24.36,TRANSPORT,BEAT 9 · CONTAINMENT CARRY + 2ND SLIP,-1.0,1.0,1,0.0503,0.8211,0.2
24.416,TRANSPORT,BEAT 9 · CONTAINMENT CARRY + 2ND SLIP,-1.0,1.0,1,0.0508,2.7463,0.2
24.472,TRANSPORT,BEAT 9 · CONTAINMENT CARRY + 2ND SLIP,-1.0,1.0,1,0.0512,2.283,0.2
24.528,TRANSPORT,BEAT 9 · CONTAINMENT CARRY + 2ND SLIP,-1.0,1.0,1,0.0516,2.0602,0.2
24.584,TRANSPORT,BEAT 9 · CONTAINMENT CARRY + 2ND SLIP,-1.0,1.0,1,0.0515,1.6221,0.2
24.64,TRANSPORT,BEAT 9 · CONTAINMENT CARRY + 2ND SLIP,-1.0,1.0,1,0.0507,1.39,0.2
24.696,TRANSPORT,BEAT 9 · CONTAINMENT CARRY + 2ND SLIP,-1.0,1.0,1,0.0482,0.3188,0.2979
24.752,TRANSPORT,BEAT 9 · CONTAINMENT CARRY + 2ND SLIP,-1.0,1.0,1,0.0487,0.645,0.2
24.808,TRANSPORT,BEAT 9 · CONTAINMENT CARRY + 2ND SLIP,-1.0,1.0,1,0.0488,0.8443,0.2
24.864,TRANSPORT,BEAT 9 · CONTAINMENT CARRY + 2ND SLIP,-1.0,1.0,1,0.0498,0.9579,0.2
24.92,TRANSPORT,BEAT 9 · CONTAINMENT CARRY + 2ND SLIP,-1.0,1.0,1,0.0508,2.7802,0.2
24.976,TRANSPORT,BEAT 9 · CONTAINMENT CARRY + 2ND SLIP,-1.0,1.0,1,0.0516,1.6139,0.2
25.032,TRANSPORT,BEAT 9 · CONTAINMENT CARRY + 2ND SLIP,-1.0,1.0,1,0.0508,1.582,0.2
25.088,TRANSPORT,BEAT 9 · CONTAINMENT CARRY + 2ND SLIP,-1.0,1.0,1,0.0494,0.394,0.2
25.144,TRANSPORT,BEAT 9 · CONTAINMENT CARRY + 2ND SLIP,-1.0,1.0,1,0.0492,0.4424,0.2
25.2,TRANSPORT,BEAT 9 · CONTAINMENT CARRY + 2ND SLIP,-1.0,1.0,1,0.0488,0.652,0.2
25.256,TRANSPORT,BEAT 9 · CONTAINMENT CARRY + 2ND SLIP,-1.0,1.0,1,0.0486,0.5033,0.2
25.312,TRANSPORT,BEAT 9 · CONTAINMENT CARRY + 2ND SLIP,-1.0,1.0,1,0.0493,0.6094,0.2
25.368,TRANSPORT,BEAT 9 · CONTAINMENT CARRY + 2ND SLIP,-1.0,1.0,0,0.0513,0.2271,0.4
25.424,TRANSPORT,BEAT 9 · CONTAINMENT CARRY + 2ND SLIP,-1.0,1.0,0,0.0505,0.2147,0.4
25.48,TRANSPORT,BEAT 9 · CONTAINMENT CARRY + 2ND SLIP,-1.0,1.0,1,0.0523,2.8558,0.2
25.536,TRANSPORT,BEAT 9 · CONTAINMENT CARRY + 2ND SLIP,-1.0,1.0,1,0.0524,3.2562,0.2
25.592,TRANSPORT,BEAT 9 · CONTAINMENT CARRY + 2ND SLIP,-1.0,1.0,1,0.052,3.4679,0.2
25.648,TRANSPORT,BEAT 9 · CONTAINMENT CARRY + 2ND SLIP,-1.0,1.0,1,0.0517,3.1611,0.2
25.704,TRANSPORT,BEAT 9 · CONTAINMENT CARRY + 2ND SLIP,-1.0,1.0,1,0.051,2.5327,0.2
25.76,TRANSPORT,BEAT 9 · CONTAINMENT CARRY + 2ND SLIP,-1.0,1.0,1,0.0508,1.8616,0.2
25.816,TRANSPORT,BEAT 9 · CONTAINMENT CARRY + 2ND SLIP,-1.0,1.0,1,0.0497,0.2264,0.4733
25.872,TRANSPORT,BEAT 9 · CONTAINMENT CARRY + 2ND SLIP,-1.0,1.0,0,0.0467,0.4031,0.4
25.928,TRANSPORT,BEAT 9 · CONTAINMENT CARRY + 2ND SLIP,-1.0,1.0,0,0.0473,0.402,0.4
25.984,TRANSPORT,BEAT 9 · CONTAINMENT CARRY + 2ND SLIP,-1.0,1.0,1,0.0499,0.4637,0.2
26.04,PLACE,BEAT 10 · BIN PLACEMENT,-1.0,1.0,1,0.505,25.3609,0.2
26.096,PLACE,BEAT 10 · BIN PLACEMENT,-1.0,0.9974,0,0.4527,0.292,0.4
26.152,PLACE,BEAT 10 · BIN PLACEMENT,-1.0,0.9903,0,0.4505,0.2905,0.4
26.208,PLACE,BEAT 10 · BIN PLACEMENT,-1.0,0.9791,1,0.4498,4.6754,0.2
26.264,PLACE,BEAT 10 · BIN PLACEMENT,-1.0,0.964,1,0.3833,14.5141,0.2
26.32,PLACE,BEAT 10 · BIN PLACEMENT,-1.0,0.9452,1,0.3078,11.4124,0.2
26.376,PLACE,BEAT 10 · BIN PLACEMENT,-1.0,0.9231,1,0.2939,9.6668,0.2
26.432,PLACE,BEAT 10 · BIN PLACEMENT,-1.0,0.8979,2,0.3241,13.0423,0.2
26.488,PLACE,BEAT 10 · BIN PLACEMENT,-1.0,0.8699,1,0.3704,9.5539,0.2
26.544,PLACE,BEAT 10 · BIN PLACEMENT,-1.0,0.8392,2,0.4113,12.5145,0.2
26.6,PLACE,BEAT 10 · BIN PLACEMENT,-1.0,0.8063,1,0.4621,10.5191,0.2
26.656,PLACE,BEAT 10 · BIN PLACEMENT,-1.0,0.7713,1,0.503,10.8274,0.2
26.712,PLACE,BEAT 10 · BIN PLACEMENT,-1.0,0.7345,1,0.5371,12.532,0.2
26.768,PLACE,BEAT 10 · BIN PLACEMENT,-1.0,0.6962,1,0.5536,31.1968,0.2
26.824,PLACE,BEAT 10 · BIN PLACEMENT,-1.0,0.6566,1,0.545,26.8251,0.2
26.88,PLACE,BEAT 10 · BIN PLACEMENT,-1.0,0.6161,1,0.5397,17.5586,0.2
26.936,PLACE,BEAT 10 · BIN PLACEMENT,-1.0,0.5747,0,0.5392,0.4351,0.4
26.992,PLACE,BEAT 10 · BIN PLACEMENT,-1.0,0.533,0,0.5167,0.4139,0.4
27.048,PLACE,BEAT 10 · BIN PLACEMENT,-1.0,0.491,0,0.5337,0.4233,0.4
27.104,PLACE,BEAT 10 · BIN PLACEMENT,-1.0,0.4491,0,0.5481,0.4317,0.4
27.16,PLACE,BEAT 10 · BIN PLACEMENT,-1.0,0.4075,2,0.5579,27.0013,0.2
27.216,PLACE,BEAT 10 · BIN PLACEMENT,-1.0,0.3665,2,0.5574,55.6055,0.2
27.272,PLACE,BEAT 10 · BIN PLACEMENT,-1.0,0.3263,2,0.557,52.5713,0.2
27.328,PLACE,BEAT 10 · BIN PLACEMENT,-1.0,0.2872,2,0.5505,15.8377,0.2
27.384,PLACE,BEAT 10 · BIN PLACEMENT,-1.0,0.2495,2,0.5786,7.8027,0.2
27.44,PLACE,BEAT 10 · BIN PLACEMENT,-1.0,0.2135,0,0.6008,0.4911,0.4
27.496,PLACE,BEAT 10 · BIN PLACEMENT,-1.0,0.1793,0,0.5501,0.4369,0.4
27.552,PLACE,BEAT 10 · BIN PLACEMENT,-1.0,0.1473,1,0.5412,93.7237,0.2
27.608,PLACE,BEAT 10 · BIN PLACEMENT,-1.0,0.1178,1,0.5354,50.1632,0.2
27.664,PLACE,BEAT 10 · BIN PLACEMENT,-1.0,0.0909,2,0.5502,44.8629,0.2
27.72,PLACE,BEAT 10 · BIN PLACEMENT,-1.0,0.067,2,0.5484,54.9105,0.2
27.776,PLACE,BEAT 10 · BIN PLACEMENT,-1.0,0.0463,1,0.5461,8.3173,0.2
27.832,PLACE,BEAT 10 · BIN PLACEMENT,-1.0,0.0291,1,0.5574,10.3537,0.2
27.888,PLACE,BEAT 10 · BIN PLACEMENT,-1.0,0.0156,1,0.5802,12.2223,0.2
27.944,PLACE,BEAT 10 · BIN PLACEMENT,-1.0,0.0062,1,0.5781,11.1299,0.2
28.0,PLACE,BEAT 10 · BIN PLACEMENT,-1.0,0.001,2,0.5741,15.4834,0.2
28.056,SEAL,BEAT 11 · CONTAINMENT SEAL,-1.0,0.0,2,0.576,17.7032,0.2
28.112,SEAL,BEAT 11 · CONTAINMENT SEAL,-1.0,0.0,2,0.5876,17.7032,0.2
28.168,SEAL,BEAT 11 · CONTAINMENT SEAL,-1.0,0.0,2,0.5892,17.7032,0.2
28.224,SEAL,BEAT 11 · CONTAINMENT SEAL,-1.0,0.0,2,0.5818,17.7032,0.2
28.28,SEAL,BEAT 11 · CONTAINMENT SEAL,-1.0,0.0,2,0.5707,17.7032,0.2
28.336,SEAL,BEAT 11 · CONTAINMENT SEAL,-1.0,0.0,2,0.5642,17.7032,0.2
28.392,SEAL,BEAT 11 · CONTAINMENT SEAL,-1.0,0.0,2,0.5565,17.7032,0.2
28.448,SEAL,BEAT 11 · CONTAINMENT SEAL,-1.0,0.0,2,0.5474,17.7032,0.2
28.504,SEAL,BEAT 11 · CONTAINMENT SEAL,-1.0,0.0,1,0.5454,17.7032,0.2
28.56,SEAL,BEAT 11 · CONTAINMENT SEAL,-1.0,0.0,1,0.5446,17.7032,0.2
28.616,SEAL,BEAT 11 · CONTAINMENT SEAL,-1.0,0.0,1,0.5436,17.7032,0.2
28.672,SEAL,BEAT 11 · CONTAINMENT SEAL,-1.0,0.0,1,0.5426,17.7032,0.2
28.728,SEAL,BEAT 11 · CONTAINMENT SEAL,-1.0,0.0,1,0.5424,17.7032,0.2
28.784,SEAL,BEAT 11 · CONTAINMENT SEAL,-1.0,0.0,1,0.5447,17.7032,0.2
28.84,SEAL,BEAT 11 · CONTAINMENT SEAL,-1.0,0.0,0,0.5528,17.7032,0.2
28.896,SEAL,BEAT 11 · CONTAINMENT SEAL,-1.0,0.0,2,0.5591,17.7032,0.2
28.952,SEAL,BEAT 11 · CONTAINMENT SEAL,-1.0,0.0,2,0.559,17.7032,0.2
29.008,SEAL,BEAT 11 · CONTAINMENT SEAL,-1.0,0.0,2,0.5582,17.7032,0.2
29.064,SEAL,BEAT 11 · CONTAINMENT SEAL,-1.0,0.0,2,0.5563,17.7032,0.2
29.12,SEAL,BEAT 11 · CONTAINMENT SEAL,-1.0,0.0,2,0.5521,17.7032,0.2
29.176,SEAL,BEAT 11 · CONTAINMENT SEAL,-1.0,0.0,2,0.5416,17.7032,0.2
29.232,SEAL,BEAT 11 · CONTAINMENT SEAL,-1.0,0.0,1,0.5274,17.7032,0.2
29.288,SEAL,BEAT 11 · CONTAINMENT SEAL,-1.0,0.0,0,0.5155,17.7032,0.2
29.344,SEAL,BEAT 11 · CONTAINMENT SEAL,-1.0,0.0,0,0.5088,17.7032,0.2
29.4,SEAL,BEAT 11 · CONTAINMENT SEAL,-1.0,0.0,0,0.5079,17.7032,0.2
29.456,SEAL,BEAT 11 · CONTAINMENT SEAL,-1.0,0.0,0,0.5073,17.7032,0.2
29.512,SEAL,BEAT 11 · CONTAINMENT SEAL,-1.0,0.0,0,0.5074,17.7032,0.2
29.568,ALARM,BEAT 12 · ALARM CONFIRM,-1.0,0.0,0,0.5077,17.7032,0.2
29.624,ALARM,BEAT 12 · ALARM CONFIRM,-1.0,0.0,0,0.5082,17.7032,0.2
29.68,ALARM,BEAT 12 · ALARM CONFIRM,-1.0,0.0,0,0.5079,17.7032,0.2
29.736,ALARM,BEAT 12 · ALARM CONFIRM,-1.0,0.0,0,0.5076,17.7032,0.2
29.792,ALARM,BEAT 12 · ALARM CONFIRM,-1.0,0.0,0,0.5073,17.7032,0.2
29.848,ALARM,BEAT 12 · ALARM CONFIRM,-1.0,0.0,0,0.5069,17.7032,0.2
29.904,ALARM,BEAT 12 · ALARM CONFIRM,-1.0,0.0,0,0.5067,17.7032,0.2
29.96,ALARM,BEAT 12 · ALARM CONFIRM,-1.0,0.0,0,0.5064,17.7032,0.2
